,Aqua Ventus,IEA15MW (Steel),IEA15MW (Concrete)
2014,14529.333333333332,14529.333333333332,14529.333333333332
2015,14572.333333333332,14572.333333333332,14572.333333333332
2016,14545.833333333332,14545.833333333332,14545.833333333332
