,2019 Aqua Ventus,ORBIT Aqua Ventus,IEA15MW (Steel),IEA15MW (Concrete)
2014,14476.833333333332,14476.833333333332,14476.833333333332,14476.833333333332
2015,14496.333333333332,14496.333333333332,14496.333333333332,14496.333333333332
2016,14529.333333333332,14529.333333333332,14529.333333333332,14529.333333333332
