,Aqua Ventus,IEA 15MW,NASA Floater
2014,14507.333333333332,14507.333333333332,14507.333333333332
2015,14510.833333333332,14510.833333333332,14510.833333333332
2016,14528.833333333332,14528.833333333332,14528.833333333332
