,US_10MW_shallow,US_15MW_deep,US_15MW_shallow,US_10MW_deep
2014,21637.666666666664,14836.666666666668,14512.666666666668,22118.666666666664
2015,21617.666666666664,14821.166666666668,14510.666666666668,22103.166666666664
2016,,14858.166666666668,14529.166666666668,
