,Aqua Ventus,IEA 15MW,NASA Floater
2014,14476.833333333332,14476.833333333332,14476.833333333332
2015,14496.333333333332,14496.333333333332,14496.333333333332
2016,14529.333333333332,14529.333333333332,14529.333333333332
