,BOS,Total
Aqua Ventus,1438.4879816496218,3086.515754982955
IEA 15MW,1645.0095808622223,3293.037354195556
NASA Floater,1196.9863438775524,2845.0141172108856
