,BOS,Total
steel_semisub,3666.556307088678,7500.722973755343
concrete_semisub,2590.026779904383,6424.19344657105
