,BOS,Total
Aqua Ventus,1197149888.9358013,2185966552.9358015
IEA15MW (Steel),1099966892.1266034,2088783556.1266034
IEA15MW (Concrete),777008033.9713149,1765824697.971315
