,BOS,Total
US_10MW_shallow,4752.535539336483,9546.70220600315
US_15MW_deep,5211.5806083099005,10005.747274976567
