,BOS,Total
Aqua Ventus,1639.073731269104,3287.101504602437
IEA 15MW,2485.4141338521695,4133.441907185503
NASA Floater,1306.1632934970346,2954.191066830368
