,BOS,Total
Aqua Ventus,1197149888.9358013,2347399888.9358015
IEA15MW (Steel),1099966892.1266034,2250216892.126603
IEA15MW (Concrete),777008033.9713149,1927258033.971315
