,BOS,Total
Aqua Ventus,863092788.989773,1851909452.989773
IEA 15MW,987005748.5173334,1975822412.5173335
NASA Floater,718191806.3265314,1707008470.3265314
