,BOS,Total
steel_semisub,1099966892.1266034,2538216892.126603
concrete_semisub,777008033.9713149,2215258033.971315
