,BOS,Total
steel_semisub,3666.556307088678,8460.722973755344
concrete_semisub,2590.026779904383,7384.19344657105
