,BOS,Total
2019 Aqua Ventus,1307.0337731481482,2955.0615464814814
ORBIT Aqua Ventus,1438.4879816496218,3086.515754982955
IEA15MW (Steel),1645.0095808622223,3293.037354195556
IEA15MW (Concrete),1106.7448172700747,2754.772590603408
