,BOS,Total
Aqua Ventus,1995.2498148930022,3643.277588226336
IEA15MW (Steel),1833.278153544339,3481.3059268776724
IEA15MW (Concrete),1295.0133899521916,2943.041163285525
