,BOS,Total
US_10MW_shallow,1425760661.800945,2864010661.8009453
US_15MW_deep,1563474182.4929702,3001724182.4929705
