,BOS,Total
US_10MW_shallow,4752.535539336483,9546.70220600315
US_15MW_deep,5211.5806083099005,10005.747274976567
US_15MW_shallow,3963.5494890187683,8757.716155685433
US_10MW_deep,6093.909859680351,10888.076526347017
