,BOS,Total
Aqua Ventus,1995.2498148930022,3912.3331482263357
IEA15MW (Steel),1833.278153544339,3750.3614868776717
IEA15MW (Concrete),1295.0133899521916,3212.096723285525
