,BOS,Total
steel_semisub,1099966892.1266034,2250216892.126603
concrete_semisub,777008033.9713149,1927258033.971315
