,BOS,Total
Aqua Ventus,983444238.7614625,1972260902.7614625
IEA 15MW,1491248480.3113017,2480065144.3113017
NASA Floater,783697976.0982208,1772514640.0982208
