,BOS,Total
Aqua Ventus,1431.473731269104,3311.8070646024375
IEA 15MW,2485.4141338521695,4365.7474671855025
NASA Floater,1441.6232934970346,3321.956626830368
