,BOS,Total
2019 Aqua Ventus,784220263.8888888,1773036927.8888888
ORBIT Aqua Ventus,863092788.989773,1851909452.989773
IEA15MW (Steel),987005748.5173334,1975822412.5173335
IEA15MW (Concrete),664046890.3620448,1652863554.3620448
