,BOS,Total
Aqua Ventus,858884238.7614625,1987084238.7614625
IEA 15MW,1491248480.3113017,2619448480.3113017
NASA Floater,864973976.0982208,1993173976.0982208
