,BOS,Total
US_10MW_shallow,1425760661.800945,2864010661.8009453
US_15MW_deep,1563474182.4929702,3001724182.4929705
US_15MW_shallow,1189064846.7056305,2627314846.7056303
US_10MW_deep,1828172957.9041052,3266422957.904105
